{"newPartField":"3.0","parts":{"face":{"allowDiscardFrame":false,"blendMode":0,"enable":true,"frameCount":10,"height":458,"hotlinkEnable":false,"position":{"positionX":[{"index":74,"x":104.04,"y":194.78},{"index":77,"x":270.21,"y":193.74}],"positionY":[]},"positionRelationType":1,"positionType":1,"positionType2":0,"rotateCenter":[{"index":46,"x":187.57,"y":284.68}],"scale":{"scaleX":{"pointA":[{"index":74,"x":104.04,"y":194.78}],"pointB":[{"index":77,"x":270.21,"y":193.74}]},"scaleY":{"pointA":[],"pointB":[]}},"stickerGroup":{"groupSize":1,"index":0},"targetFPS":3,"targetType":"FACE","width":350,"zPosition":0}},"stickerType":"2D","toolVersion":"Mac_2.4.2","totalMem":6.11,"transitions":{"Transition1":{"conditions":[{"preState":"","triggers":"H.face.appear"}],"randomShow":false,"targets":[{"delay":0,"fadingFrame":0,"lastingFrame":0,"loop":0,"targetPart":"face","targetState":"playing"}]}},"version":"3.0"}